id_order_detail,order_id,product_id,quantity,id_product,name,supplier_id,category_id,unit,price,id,name_category,description
1,10248,11,12,11,Queso Cabrales,5,4,1 kg pkg.,21.0,4,Dairy Products,Cheeses
2,10248,42,10,42,Singaporean Hokkien Fried Mee,20,5,32 - 1 kg pkgs.,14.0,5,Grains/Cereals,"Breads, crackers, pasta, and cereal"
3,10248,72,5,72,Mozzarella di Giovanni,14,4,24 - 200 g pkgs.,34.8,4,Dairy Products,Cheeses
4,10249,14,9,14,Tofu,6,7,40 - 100 g pkgs.,23.25,7,Produce,Dried fruit and bean curd
5,10249,51,40,51,Manjimup Dried Apples,24,7,50 - 300 g pkgs.,53.0,7,Produce,Dried fruit and bean curd
6,10250,41,10,41,Jack's New England Clam Chowder,19,8,12 - 12 oz cans,9.65,8,Seafood,Seaweed and fish
7,10250,51,35,51,Manjimup Dried Apples,24,7,50 - 300 g pkgs.,53.0,7,Produce,Dried fruit and bean curd
8,10250,65,15,65,Louisiana Fiery Hot Pepper Sauce,2,2,32 - 8 oz bottles,21.05,2,Condiments,"Sweet and savory sauces, relishes, spreads, and seasonings"
9,10251,22,6,22,Gustaf's Knäckebröd,9,5,24 - 500 g pkgs.,21.0,5,Grains/Cereals,"Breads, crackers, pasta, and cereal"
10,10251,57,15,57,Ravioli Angelo,26,5,24 - 250 g pkgs.,19.5,5,Grains/Cereals,"Breads, crackers, pasta, and cereal"
11,10251,65,20,65,Louisiana Fiery Hot Pepper Sauce,2,2,32 - 8 oz bottles,21.05,2,Condiments,"Sweet and savory sauces, relishes, spreads, and seasonings"
12,10252,20,40,20,Sir Rodney's Marmalade,8,3,30 gift boxes,81.0,3,Confections,"Desserts, candies, and sweet breads"
13,10252,33,25,33,Geitost,15,4,500 g,2.5,4,Dairy Products,Cheeses
14,10252,60,40,60,Camembert Pierrot,28,4,15 - 300 g rounds,34.0,4,Dairy Products,Cheeses
15,10253,31,20,31,Gorgonzola Telino,14,4,12 - 100 g pkgs,12.5,4,Dairy Products,Cheeses
16,10253,39,42,39,Chartreuse verte,18,1,750 cc per bottle,18.0,1,Beverages,"Soft drinks, coffees, teas, beers, and ales"
17,10253,49,40,49,Maxilaku,23,3,24 - 50 g pkgs.,20.0,3,Confections,"Desserts, candies, and sweet breads"
18,10254,24,15,24,Guaraná Fantástica,10,1,12 - 355 ml cans,4.5,1,Beverages,"Soft drinks, coffees, teas, beers, and ales"
19,10254,55,21,55,Pâté chinois,25,6,24 boxes x 2 pies,24.0,6,Meat/Poultry,Prepared meats
20,10254,74,21,74,Longlife Tofu,4,7,5 kg pkg.,10.0,7,Produce,Dried fruit and bean curd
21,10255,2,20,2,Chang,1,1,24 - 12 oz bottles,19.0,1,Beverages,"Soft drinks, coffees, teas, beers, and ales"
22,10255,16,35,16,Pavlova,7,3,32 - 500 g boxes,17.45,3,Confections,"Desserts, candies, and sweet breads"
23,10255,36,25,36,Inlagd Sill,17,8,24 - 250 g jars,19.0,8,Seafood,Seaweed and fish
24,10255,59,30,59,Raclette Courdavault,28,4,5 kg pkg.,55.0,4,Dairy Products,Cheeses
25,10256,53,15,53,Perth Pasties,24,6,48 pieces,32.8,6,Meat/Poultry,Prepared meats
26,10256,77,12,77,Original Frankfurter grüne Soße,12,2,12 boxes,13.0,2,Condiments,"Sweet and savory sauces, relishes, spreads, and seasonings"
27,10257,27,25,27,Schoggi Schokolade,11,3,100 - 100 g pieces,43.9,3,Confections,"Desserts, candies, and sweet breads"
28,10257,39,6,39,Chartreuse verte,18,1,750 cc per bottle,18.0,1,Beverages,"Soft drinks, coffees, teas, beers, and ales"
29,10257,77,15,77,Original Frankfurter grüne Soße,12,2,12 boxes,13.0,2,Condiments,"Sweet and savory sauces, relishes, spreads, and seasonings"
30,10258,2,50,2,Chang,1,1,24 - 12 oz bottles,19.0,1,Beverages,"Soft drinks, coffees, teas, beers, and ales"
31,10258,5,65,5,Chef Anton's Gumbo Mix,2,2,36 boxes,21.35,2,Condiments,"Sweet and savory sauces, relishes, spreads, and seasonings"
32,10258,32,6,32,Mascarpone Fabioli,14,4,24 - 200 g pkgs.,32.0,4,Dairy Products,Cheeses
33,10259,21,10,21,Sir Rodney's Scones,8,3,24 pkgs. x 4 pieces,10.0,3,Confections,"Desserts, candies, and sweet breads"
34,10259,37,1,37,Gravad lax,17,8,12 - 500 g pkgs.,26.0,8,Seafood,Seaweed and fish
35,10260,41,16,41,Jack's New England Clam Chowder,19,8,12 - 12 oz cans,9.65,8,Seafood,Seaweed and fish
36,10260,57,50,57,Ravioli Angelo,26,5,24 - 250 g pkgs.,19.5,5,Grains/Cereals,"Breads, crackers, pasta, and cereal"
37,10260,62,15,62,Tarte au sucre,29,3,48 pies,49.3,3,Confections,"Desserts, candies, and sweet breads"
38,10260,70,21,70,Outback Lager,7,1,24 - 355 ml bottles,15.0,1,Beverages,"Soft drinks, coffees, teas, beers, and ales"
39,10261,21,20,21,Sir Rodney's Scones,8,3,24 pkgs. x 4 pieces,10.0,3,Confections,"Desserts, candies, and sweet breads"
40,10261,35,20,35,Steeleye Stout,16,1,24 - 12 oz bottles,18.0,1,Beverages,"Soft drinks, coffees, teas, beers, and ales"
41,10262,5,12,5,Chef Anton's Gumbo Mix,2,2,36 boxes,21.35,2,Condiments,"Sweet and savory sauces, relishes, spreads, and seasonings"
42,10262,7,15,7,Uncle Bob's Organic Dried Pears,3,7,12 - 1 lb pkgs.,30.0,7,Produce,Dried fruit and bean curd
43,10262,56,2,56,Gnocchi di nonna Alice,26,5,24 - 250 g pkgs.,38.0,5,Grains/Cereals,"Breads, crackers, pasta, and cereal"
44,10263,16,60,16,Pavlova,7,3,32 - 500 g boxes,17.45,3,Confections,"Desserts, candies, and sweet breads"
45,10263,24,28,24,Guaraná Fantástica,10,1,12 - 355 ml cans,4.5,1,Beverages,"Soft drinks, coffees, teas, beers, and ales"
46,10263,30,60,30,Nord-Ost Matjeshering,13,8,10 - 200 g glasses,25.89,8,Seafood,Seaweed and fish
47,10263,74,36,74,Longlife Tofu,4,7,5 kg pkg.,10.0,7,Produce,Dried fruit and bean curd
48,10264,2,35,2,Chang,1,1,24 - 12 oz bottles,19.0,1,Beverages,"Soft drinks, coffees, teas, beers, and ales"
49,10264,41,25,41,Jack's New England Clam Chowder,19,8,12 - 12 oz cans,9.65,8,Seafood,Seaweed and fish
50,10265,17,30,17,Alice Mutton,7,6,20 - 1 kg tins,39.0,6,Meat/Poultry,Prepared meats
51,10265,70,20,70,Outback Lager,7,1,24 - 355 ml bottles,15.0,1,Beverages,"Soft drinks, coffees, teas, beers, and ales"
52,10266,12,12,12,Queso Manchego La Pastora,5,4,10 - 500 g pkgs.,38.0,4,Dairy Products,Cheeses
53,10267,40,50,40,Boston Crab Meat,19,8,24 - 4 oz tins,18.4,8,Seafood,Seaweed and fish
54,10267,59,70,59,Raclette Courdavault,28,4,5 kg pkg.,55.0,4,Dairy Products,Cheeses
55,10267,76,15,76,Lakkalikööri,23,1,500 ml,18.0,1,Beverages,"Soft drinks, coffees, teas, beers, and ales"
56,10268,29,10,29,Thüringer Rostbratwurst,12,6,50 bags x 30 sausgs.,123.79,6,Meat/Poultry,Prepared meats
57,10268,72,4,72,Mozzarella di Giovanni,14,4,24 - 200 g pkgs.,34.8,4,Dairy Products,Cheeses
58,10269,33,60,33,Geitost,15,4,500 g,2.5,4,Dairy Products,Cheeses
59,10269,72,20,72,Mozzarella di Giovanni,14,4,24 - 200 g pkgs.,34.8,4,Dairy Products,Cheeses
60,10270,36,30,36,Inlagd Sill,17,8,24 - 250 g jars,19.0,8,Seafood,Seaweed and fish
61,10270,43,25,43,Ipoh Coffee,20,1,16 - 500 g tins,46.0,1,Beverages,"Soft drinks, coffees, teas, beers, and ales"
62,10271,33,24,33,Geitost,15,4,500 g,2.5,4,Dairy Products,Cheeses
63,10272,20,6,20,Sir Rodney's Marmalade,8,3,30 gift boxes,81.0,3,Confections,"Desserts, candies, and sweet breads"
64,10272,31,40,31,Gorgonzola Telino,14,4,12 - 100 g pkgs,12.5,4,Dairy Products,Cheeses
65,10272,72,24,72,Mozzarella di Giovanni,14,4,24 - 200 g pkgs.,34.8,4,Dairy Products,Cheeses
66,10273,10,24,10,Ikura,4,8,12 - 200 ml jars,31.0,8,Seafood,Seaweed and fish
67,10273,31,15,31,Gorgonzola Telino,14,4,12 - 100 g pkgs,12.5,4,Dairy Products,Cheeses
68,10273,33,20,33,Geitost,15,4,500 g,2.5,4,Dairy Products,Cheeses
69,10273,40,60,40,Boston Crab Meat,19,8,24 - 4 oz tins,18.4,8,Seafood,Seaweed and fish
70,10273,76,33,76,Lakkalikööri,23,1,500 ml,18.0,1,Beverages,"Soft drinks, coffees, teas, beers, and ales"
71,10274,71,20,71,Fløtemysost,15,4,10 - 500 g pkgs.,21.5,4,Dairy Products,Cheeses
72,10274,72,7,72,Mozzarella di Giovanni,14,4,24 - 200 g pkgs.,34.8,4,Dairy Products,Cheeses
73,10275,24,12,24,Guaraná Fantástica,10,1,12 - 355 ml cans,4.5,1,Beverages,"Soft drinks, coffees, teas, beers, and ales"
74,10275,59,6,59,Raclette Courdavault,28,4,5 kg pkg.,55.0,4,Dairy Products,Cheeses
75,10276,10,15,10,Ikura,4,8,12 - 200 ml jars,31.0,8,Seafood,Seaweed and fish
76,10276,13,10,13,Konbu,6,8,2 kg box,6.0,8,Seafood,Seaweed and fish
77,10277,28,20,28,Rössle Sauerkraut,12,7,25 - 825 g cans,45.6,7,Produce,Dried fruit and bean curd
78,10277,62,12,62,Tarte au sucre,29,3,48 pies,49.3,3,Confections,"Desserts, candies, and sweet breads"
79,10278,44,16,44,Gula Malacca,20,2,20 - 2 kg bags,19.45,2,Condiments,"Sweet and savory sauces, relishes, spreads, and seasonings"
80,10278,59,15,59,Raclette Courdavault,28,4,5 kg pkg.,55.0,4,Dairy Products,Cheeses
81,10278,63,8,63,Vegie-spread,7,2,15 - 625 g jars,43.9,2,Condiments,"Sweet and savory sauces, relishes, spreads, and seasonings"
82,10278,73,25,73,Röd Kaviar,17,8,24 - 150 g jars,15.0,8,Seafood,Seaweed and fish
83,10279,17,15,17,Alice Mutton,7,6,20 - 1 kg tins,39.0,6,Meat/Poultry,Prepared meats
84,10280,24,12,24,Guaraná Fantástica,10,1,12 - 355 ml cans,4.5,1,Beverages,"Soft drinks, coffees, teas, beers, and ales"
85,10280,55,20,55,Pâté chinois,25,6,24 boxes x 2 pies,24.0,6,Meat/Poultry,Prepared meats
86,10280,75,30,75,Rhönbräu Klosterbier,12,1,24 - 0.5 l bottles,7.75,1,Beverages,"Soft drinks, coffees, teas, beers, and ales"
87,10281,19,1,19,Teatime Chocolate Biscuits,8,3,10 boxes x 12 pieces,9.2,3,Confections,"Desserts, candies, and sweet breads"
88,10281,24,6,24,Guaraná Fantástica,10,1,12 - 355 ml cans,4.5,1,Beverages,"Soft drinks, coffees, teas, beers, and ales"
89,10281,35,4,35,Steeleye Stout,16,1,24 - 12 oz bottles,18.0,1,Beverages,"Soft drinks, coffees, teas, beers, and ales"
90,10282,30,6,30,Nord-Ost Matjeshering,13,8,10 - 200 g glasses,25.89,8,Seafood,Seaweed and fish
91,10282,57,2,57,Ravioli Angelo,26,5,24 - 250 g pkgs.,19.5,5,Grains/Cereals,"Breads, crackers, pasta, and cereal"
92,10283,15,20,15,Genen Shouyu,6,2,24 - 250 ml bottles,15.5,2,Condiments,"Sweet and savory sauces, relishes, spreads, and seasonings"
93,10283,19,18,19,Teatime Chocolate Biscuits,8,3,10 boxes x 12 pieces,9.2,3,Confections,"Desserts, candies, and sweet breads"
94,10283,60,35,60,Camembert Pierrot,28,4,15 - 300 g rounds,34.0,4,Dairy Products,Cheeses
95,10283,72,3,72,Mozzarella di Giovanni,14,4,24 - 200 g pkgs.,34.8,4,Dairy Products,Cheeses
96,10284,27,15,27,Schoggi Schokolade,11,3,100 - 100 g pieces,43.9,3,Confections,"Desserts, candies, and sweet breads"
97,10284,44,21,44,Gula Malacca,20,2,20 - 2 kg bags,19.45,2,Condiments,"Sweet and savory sauces, relishes, spreads, and seasonings"
98,10284,60,20,60,Camembert Pierrot,28,4,15 - 300 g rounds,34.0,4,Dairy Products,Cheeses
99,10284,67,5,67,Laughing Lumberjack Lager,16,1,24 - 12 oz bottles,14.0,1,Beverages,"Soft drinks, coffees, teas, beers, and ales"
100,10285,1,45,1,Chais,1,1,10 boxes x 20 bags,18.0,1,Beverages,"Soft drinks, coffees, teas, beers, and ales"
101,10285,40,40,40,Boston Crab Meat,19,8,24 - 4 oz tins,18.4,8,Seafood,Seaweed and fish
102,10285,53,36,53,Perth Pasties,24,6,48 pieces,32.8,6,Meat/Poultry,Prepared meats
103,10286,35,100,35,Steeleye Stout,16,1,24 - 12 oz bottles,18.0,1,Beverages,"Soft drinks, coffees, teas, beers, and ales"
104,10286,62,40,62,Tarte au sucre,29,3,48 pies,49.3,3,Confections,"Desserts, candies, and sweet breads"
105,10287,16,40,16,Pavlova,7,3,32 - 500 g boxes,17.45,3,Confections,"Desserts, candies, and sweet breads"
106,10287,34,20,34,Sasquatch Ale,16,1,24 - 12 oz bottles,14.0,1,Beverages,"Soft drinks, coffees, teas, beers, and ales"
107,10287,46,15,46,Spegesild,21,8,4 - 450 g glasses,12.0,8,Seafood,Seaweed and fish
108,10288,54,10,54,Tourtière,25,6,16 pies,7.45,6,Meat/Poultry,Prepared meats
109,10288,68,3,68,Scottish Longbreads,8,3,10 boxes x 8 pieces,12.5,3,Confections,"Desserts, candies, and sweet breads"
110,10289,3,30,3,Aniseed Syrup,1,2,12 - 550 ml bottles,10.0,2,Condiments,"Sweet and savory sauces, relishes, spreads, and seasonings"
111,10289,64,9,64,Wimmers gute Semmelknödel,12,5,20 bags x 4 pieces,33.25,5,Grains/Cereals,"Breads, crackers, pasta, and cereal"
112,10290,5,20,5,Chef Anton's Gumbo Mix,2,2,36 boxes,21.35,2,Condiments,"Sweet and savory sauces, relishes, spreads, and seasonings"
113,10290,29,15,29,Thüringer Rostbratwurst,12,6,50 bags x 30 sausgs.,123.79,6,Meat/Poultry,Prepared meats
114,10290,49,15,49,Maxilaku,23,3,24 - 50 g pkgs.,20.0,3,Confections,"Desserts, candies, and sweet breads"
115,10290,77,10,77,Original Frankfurter grüne Soße,12,2,12 boxes,13.0,2,Condiments,"Sweet and savory sauces, relishes, spreads, and seasonings"
116,10291,13,20,13,Konbu,6,8,2 kg box,6.0,8,Seafood,Seaweed and fish
117,10291,44,24,44,Gula Malacca,20,2,20 - 2 kg bags,19.45,2,Condiments,"Sweet and savory sauces, relishes, spreads, and seasonings"
118,10291,51,2,51,Manjimup Dried Apples,24,7,50 - 300 g pkgs.,53.0,7,Produce,Dried fruit and bean curd
119,10292,20,20,20,Sir Rodney's Marmalade,8,3,30 gift boxes,81.0,3,Confections,"Desserts, candies, and sweet breads"
120,10293,18,12,18,Carnarvon Tigers,7,8,16 kg pkg.,62.5,8,Seafood,Seaweed and fish
121,10293,24,10,24,Guaraná Fantástica,10,1,12 - 355 ml cans,4.5,1,Beverages,"Soft drinks, coffees, teas, beers, and ales"
122,10293,63,5,63,Vegie-spread,7,2,15 - 625 g jars,43.9,2,Condiments,"Sweet and savory sauces, relishes, spreads, and seasonings"
123,10293,75,6,75,Rhönbräu Klosterbier,12,1,24 - 0.5 l bottles,7.75,1,Beverages,"Soft drinks, coffees, teas, beers, and ales"
124,10294,1,18,1,Chais,1,1,10 boxes x 20 bags,18.0,1,Beverages,"Soft drinks, coffees, teas, beers, and ales"
125,10294,17,15,17,Alice Mutton,7,6,20 - 1 kg tins,39.0,6,Meat/Poultry,Prepared meats
126,10294,43,15,43,Ipoh Coffee,20,1,16 - 500 g tins,46.0,1,Beverages,"Soft drinks, coffees, teas, beers, and ales"
127,10294,60,21,60,Camembert Pierrot,28,4,15 - 300 g rounds,34.0,4,Dairy Products,Cheeses
128,10294,75,6,75,Rhönbräu Klosterbier,12,1,24 - 0.5 l bottles,7.75,1,Beverages,"Soft drinks, coffees, teas, beers, and ales"
129,10295,56,4,56,Gnocchi di nonna Alice,26,5,24 - 250 g pkgs.,38.0,5,Grains/Cereals,"Breads, crackers, pasta, and cereal"
130,10296,11,12,11,Queso Cabrales,5,4,1 kg pkg.,21.0,4,Dairy Products,Cheeses
131,10296,16,30,16,Pavlova,7,3,32 - 500 g boxes,17.45,3,Confections,"Desserts, candies, and sweet breads"
132,10296,69,15,69,Gudbrandsdalsost,15,4,10 kg pkg.,36.0,4,Dairy Products,Cheeses
133,10297,39,60,39,Chartreuse verte,18,1,750 cc per bottle,18.0,1,Beverages,"Soft drinks, coffees, teas, beers, and ales"
134,10297,72,20,72,Mozzarella di Giovanni,14,4,24 - 200 g pkgs.,34.8,4,Dairy Products,Cheeses
135,10298,2,40,2,Chang,1,1,24 - 12 oz bottles,19.0,1,Beverages,"Soft drinks, coffees, teas, beers, and ales"
136,10298,36,40,36,Inlagd Sill,17,8,24 - 250 g jars,19.0,8,Seafood,Seaweed and fish
137,10298,59,30,59,Raclette Courdavault,28,4,5 kg pkg.,55.0,4,Dairy Products,Cheeses
138,10298,62,15,62,Tarte au sucre,29,3,48 pies,49.3,3,Confections,"Desserts, candies, and sweet breads"
139,10299,19,15,19,Teatime Chocolate Biscuits,8,3,10 boxes x 12 pieces,9.2,3,Confections,"Desserts, candies, and sweet breads"
140,10299,70,20,70,Outback Lager,7,1,24 - 355 ml bottles,15.0,1,Beverages,"Soft drinks, coffees, teas, beers, and ales"
141,10300,66,30,66,Louisiana Hot Spiced Okra,2,2,24 - 8 oz jars,17.0,2,Condiments,"Sweet and savory sauces, relishes, spreads, and seasonings"
142,10300,68,20,68,Scottish Longbreads,8,3,10 boxes x 8 pieces,12.5,3,Confections,"Desserts, candies, and sweet breads"
143,10301,40,10,40,Boston Crab Meat,19,8,24 - 4 oz tins,18.4,8,Seafood,Seaweed and fish
144,10301,56,20,56,Gnocchi di nonna Alice,26,5,24 - 250 g pkgs.,38.0,5,Grains/Cereals,"Breads, crackers, pasta, and cereal"
145,10302,17,40,17,Alice Mutton,7,6,20 - 1 kg tins,39.0,6,Meat/Poultry,Prepared meats
146,10302,28,28,28,Rössle Sauerkraut,12,7,25 - 825 g cans,45.6,7,Produce,Dried fruit and bean curd
147,10302,43,12,43,Ipoh Coffee,20,1,16 - 500 g tins,46.0,1,Beverages,"Soft drinks, coffees, teas, beers, and ales"
148,10303,40,40,40,Boston Crab Meat,19,8,24 - 4 oz tins,18.4,8,Seafood,Seaweed and fish
149,10303,65,30,65,Louisiana Fiery Hot Pepper Sauce,2,2,32 - 8 oz bottles,21.05,2,Condiments,"Sweet and savory sauces, relishes, spreads, and seasonings"
150,10303,68,15,68,Scottish Longbreads,8,3,10 boxes x 8 pieces,12.5,3,Confections,"Desserts, candies, and sweet breads"
151,10304,49,30,49,Maxilaku,23,3,24 - 50 g pkgs.,20.0,3,Confections,"Desserts, candies, and sweet breads"
152,10304,59,10,59,Raclette Courdavault,28,4,5 kg pkg.,55.0,4,Dairy Products,Cheeses
153,10304,71,2,71,Fløtemysost,15,4,10 - 500 g pkgs.,21.5,4,Dairy Products,Cheeses
154,10305,18,25,18,Carnarvon Tigers,7,8,16 kg pkg.,62.5,8,Seafood,Seaweed and fish
155,10305,29,25,29,Thüringer Rostbratwurst,12,6,50 bags x 30 sausgs.,123.79,6,Meat/Poultry,Prepared meats
156,10305,39,30,39,Chartreuse verte,18,1,750 cc per bottle,18.0,1,Beverages,"Soft drinks, coffees, teas, beers, and ales"
157,10306,30,10,30,Nord-Ost Matjeshering,13,8,10 - 200 g glasses,25.89,8,Seafood,Seaweed and fish
158,10306,53,10,53,Perth Pasties,24,6,48 pieces,32.8,6,Meat/Poultry,Prepared meats
159,10306,54,5,54,Tourtière,25,6,16 pies,7.45,6,Meat/Poultry,Prepared meats
160,10307,62,10,62,Tarte au sucre,29,3,48 pies,49.3,3,Confections,"Desserts, candies, and sweet breads"
161,10307,68,3,68,Scottish Longbreads,8,3,10 boxes x 8 pieces,12.5,3,Confections,"Desserts, candies, and sweet breads"
162,10308,69,1,69,Gudbrandsdalsost,15,4,10 kg pkg.,36.0,4,Dairy Products,Cheeses
163,10308,70,5,70,Outback Lager,7,1,24 - 355 ml bottles,15.0,1,Beverages,"Soft drinks, coffees, teas, beers, and ales"
164,10309,4,20,4,Chef Anton's Cajun Seasoning,2,2,48 - 6 oz jars,22.0,2,Condiments,"Sweet and savory sauces, relishes, spreads, and seasonings"
165,10309,6,30,6,Grandma's Boysenberry Spread,3,2,12 - 8 oz jars,25.0,2,Condiments,"Sweet and savory sauces, relishes, spreads, and seasonings"
166,10309,42,2,42,Singaporean Hokkien Fried Mee,20,5,32 - 1 kg pkgs.,14.0,5,Grains/Cereals,"Breads, crackers, pasta, and cereal"
167,10309,43,20,43,Ipoh Coffee,20,1,16 - 500 g tins,46.0,1,Beverages,"Soft drinks, coffees, teas, beers, and ales"
168,10309,71,3,71,Fløtemysost,15,4,10 - 500 g pkgs.,21.5,4,Dairy Products,Cheeses
169,10310,16,10,16,Pavlova,7,3,32 - 500 g boxes,17.45,3,Confections,"Desserts, candies, and sweet breads"
170,10310,62,5,62,Tarte au sucre,29,3,48 pies,49.3,3,Confections,"Desserts, candies, and sweet breads"
171,10311,42,6,42,Singaporean Hokkien Fried Mee,20,5,32 - 1 kg pkgs.,14.0,5,Grains/Cereals,"Breads, crackers, pasta, and cereal"
172,10311,69,7,69,Gudbrandsdalsost,15,4,10 kg pkg.,36.0,4,Dairy Products,Cheeses
173,10312,28,4,28,Rössle Sauerkraut,12,7,25 - 825 g cans,45.6,7,Produce,Dried fruit and bean curd
174,10312,43,24,43,Ipoh Coffee,20,1,16 - 500 g tins,46.0,1,Beverages,"Soft drinks, coffees, teas, beers, and ales"
175,10312,53,20,53,Perth Pasties,24,6,48 pieces,32.8,6,Meat/Poultry,Prepared meats
176,10312,75,10,75,Rhönbräu Klosterbier,12,1,24 - 0.5 l bottles,7.75,1,Beverages,"Soft drinks, coffees, teas, beers, and ales"
177,10313,36,12,36,Inlagd Sill,17,8,24 - 250 g jars,19.0,8,Seafood,Seaweed and fish
178,10314,32,40,32,Mascarpone Fabioli,14,4,24 - 200 g pkgs.,32.0,4,Dairy Products,Cheeses
179,10314,58,30,58,Escargots de Bourgogne,27,8,24 pieces,13.25,8,Seafood,Seaweed and fish
180,10314,62,25,62,Tarte au sucre,29,3,48 pies,49.3,3,Confections,"Desserts, candies, and sweet breads"
181,10315,34,14,34,Sasquatch Ale,16,1,24 - 12 oz bottles,14.0,1,Beverages,"Soft drinks, coffees, teas, beers, and ales"
182,10315,70,30,70,Outback Lager,7,1,24 - 355 ml bottles,15.0,1,Beverages,"Soft drinks, coffees, teas, beers, and ales"
183,10316,41,10,41,Jack's New England Clam Chowder,19,8,12 - 12 oz cans,9.65,8,Seafood,Seaweed and fish
184,10316,62,70,62,Tarte au sucre,29,3,48 pies,49.3,3,Confections,"Desserts, candies, and sweet breads"
185,10317,1,20,1,Chais,1,1,10 boxes x 20 bags,18.0,1,Beverages,"Soft drinks, coffees, teas, beers, and ales"
186,10318,41,20,41,Jack's New England Clam Chowder,19,8,12 - 12 oz cans,9.65,8,Seafood,Seaweed and fish
187,10318,76,6,76,Lakkalikööri,23,1,500 ml,18.0,1,Beverages,"Soft drinks, coffees, teas, beers, and ales"
188,10319,17,8,17,Alice Mutton,7,6,20 - 1 kg tins,39.0,6,Meat/Poultry,Prepared meats
189,10319,28,14,28,Rössle Sauerkraut,12,7,25 - 825 g cans,45.6,7,Produce,Dried fruit and bean curd
190,10319,76,30,76,Lakkalikööri,23,1,500 ml,18.0,1,Beverages,"Soft drinks, coffees, teas, beers, and ales"
191,10320,71,30,71,Fløtemysost,15,4,10 - 500 g pkgs.,21.5,4,Dairy Products,Cheeses
192,10321,35,10,35,Steeleye Stout,16,1,24 - 12 oz bottles,18.0,1,Beverages,"Soft drinks, coffees, teas, beers, and ales"
193,10322,52,20,52,Filo Mix,24,5,16 - 2 kg boxes,7.0,5,Grains/Cereals,"Breads, crackers, pasta, and cereal"
194,10323,15,5,15,Genen Shouyu,6,2,24 - 250 ml bottles,15.5,2,Condiments,"Sweet and savory sauces, relishes, spreads, and seasonings"
195,10323,25,4,25,NuNuCa Nuß-Nougat-Creme,11,3,20 - 450 g glasses,14.0,3,Confections,"Desserts, candies, and sweet breads"
196,10323,39,4,39,Chartreuse verte,18,1,750 cc per bottle,18.0,1,Beverages,"Soft drinks, coffees, teas, beers, and ales"
197,10324,16,21,16,Pavlova,7,3,32 - 500 g boxes,17.45,3,Confections,"Desserts, candies, and sweet breads"
198,10324,35,70,35,Steeleye Stout,16,1,24 - 12 oz bottles,18.0,1,Beverages,"Soft drinks, coffees, teas, beers, and ales"
199,10324,46,30,46,Spegesild,21,8,4 - 450 g glasses,12.0,8,Seafood,Seaweed and fish
200,10324,59,40,59,Raclette Courdavault,28,4,5 kg pkg.,55.0,4,Dairy Products,Cheeses
201,10324,63,80,63,Vegie-spread,7,2,15 - 625 g jars,43.9,2,Condiments,"Sweet and savory sauces, relishes, spreads, and seasonings"
202,10325,6,6,6,Grandma's Boysenberry Spread,3,2,12 - 8 oz jars,25.0,2,Condiments,"Sweet and savory sauces, relishes, spreads, and seasonings"
203,10325,13,12,13,Konbu,6,8,2 kg box,6.0,8,Seafood,Seaweed and fish
204,10325,14,9,14,Tofu,6,7,40 - 100 g pkgs.,23.25,7,Produce,Dried fruit and bean curd
205,10325,31,4,31,Gorgonzola Telino,14,4,12 - 100 g pkgs,12.5,4,Dairy Products,Cheeses
206,10325,72,40,72,Mozzarella di Giovanni,14,4,24 - 200 g pkgs.,34.8,4,Dairy Products,Cheeses
207,10326,4,24,4,Chef Anton's Cajun Seasoning,2,2,48 - 6 oz jars,22.0,2,Condiments,"Sweet and savory sauces, relishes, spreads, and seasonings"
208,10326,57,16,57,Ravioli Angelo,26,5,24 - 250 g pkgs.,19.5,5,Grains/Cereals,"Breads, crackers, pasta, and cereal"
209,10326,75,50,75,Rhönbräu Klosterbier,12,1,24 - 0.5 l bottles,7.75,1,Beverages,"Soft drinks, coffees, teas, beers, and ales"
210,10327,2,25,2,Chang,1,1,24 - 12 oz bottles,19.0,1,Beverages,"Soft drinks, coffees, teas, beers, and ales"
211,10327,11,50,11,Queso Cabrales,5,4,1 kg pkg.,21.0,4,Dairy Products,Cheeses
212,10327,30,35,30,Nord-Ost Matjeshering,13,8,10 - 200 g glasses,25.89,8,Seafood,Seaweed and fish
213,10327,58,30,58,Escargots de Bourgogne,27,8,24 pieces,13.25,8,Seafood,Seaweed and fish
214,10328,59,9,59,Raclette Courdavault,28,4,5 kg pkg.,55.0,4,Dairy Products,Cheeses
215,10328,65,40,65,Louisiana Fiery Hot Pepper Sauce,2,2,32 - 8 oz bottles,21.05,2,Condiments,"Sweet and savory sauces, relishes, spreads, and seasonings"
216,10328,68,10,68,Scottish Longbreads,8,3,10 boxes x 8 pieces,12.5,3,Confections,"Desserts, candies, and sweet breads"
217,10329,19,10,19,Teatime Chocolate Biscuits,8,3,10 boxes x 12 pieces,9.2,3,Confections,"Desserts, candies, and sweet breads"
218,10329,30,8,30,Nord-Ost Matjeshering,13,8,10 - 200 g glasses,25.89,8,Seafood,Seaweed and fish
219,10329,38,20,38,Côte de Blaye,18,1,12 - 75 cl bottles,263.5,1,Beverages,"Soft drinks, coffees, teas, beers, and ales"
220,10329,56,12,56,Gnocchi di nonna Alice,26,5,24 - 250 g pkgs.,38.0,5,Grains/Cereals,"Breads, crackers, pasta, and cereal"
221,10330,26,50,26,Gumbär Gummibärchen,11,3,100 - 250 g bags,31.23,3,Confections,"Desserts, candies, and sweet breads"
222,10330,72,25,72,Mozzarella di Giovanni,14,4,24 - 200 g pkgs.,34.8,4,Dairy Products,Cheeses
223,10331,54,15,54,Tourtière,25,6,16 pies,7.45,6,Meat/Poultry,Prepared meats
224,10332,18,40,18,Carnarvon Tigers,7,8,16 kg pkg.,62.5,8,Seafood,Seaweed and fish
225,10332,42,10,42,Singaporean Hokkien Fried Mee,20,5,32 - 1 kg pkgs.,14.0,5,Grains/Cereals,"Breads, crackers, pasta, and cereal"
226,10332,47,16,47,Zaanse koeken,22,3,10 - 4 oz boxes,9.5,3,Confections,"Desserts, candies, and sweet breads"
227,10333,14,10,14,Tofu,6,7,40 - 100 g pkgs.,23.25,7,Produce,Dried fruit and bean curd
228,10333,21,10,21,Sir Rodney's Scones,8,3,24 pkgs. x 4 pieces,10.0,3,Confections,"Desserts, candies, and sweet breads"
229,10333,71,40,71,Fløtemysost,15,4,10 - 500 g pkgs.,21.5,4,Dairy Products,Cheeses
230,10334,52,8,52,Filo Mix,24,5,16 - 2 kg boxes,7.0,5,Grains/Cereals,"Breads, crackers, pasta, and cereal"
231,10334,68,10,68,Scottish Longbreads,8,3,10 boxes x 8 pieces,12.5,3,Confections,"Desserts, candies, and sweet breads"
232,10335,2,7,2,Chang,1,1,24 - 12 oz bottles,19.0,1,Beverages,"Soft drinks, coffees, teas, beers, and ales"
233,10335,31,25,31,Gorgonzola Telino,14,4,12 - 100 g pkgs,12.5,4,Dairy Products,Cheeses
234,10335,32,6,32,Mascarpone Fabioli,14,4,24 - 200 g pkgs.,32.0,4,Dairy Products,Cheeses
235,10335,51,48,51,Manjimup Dried Apples,24,7,50 - 300 g pkgs.,53.0,7,Produce,Dried fruit and bean curd
236,10336,4,18,4,Chef Anton's Cajun Seasoning,2,2,48 - 6 oz jars,22.0,2,Condiments,"Sweet and savory sauces, relishes, spreads, and seasonings"
237,10337,23,40,23,Tunnbröd,9,5,12 - 250 g pkgs.,9.0,5,Grains/Cereals,"Breads, crackers, pasta, and cereal"
238,10337,26,24,26,Gumbär Gummibärchen,11,3,100 - 250 g bags,31.23,3,Confections,"Desserts, candies, and sweet breads"
239,10337,36,20,36,Inlagd Sill,17,8,24 - 250 g jars,19.0,8,Seafood,Seaweed and fish
240,10337,37,28,37,Gravad lax,17,8,12 - 500 g pkgs.,26.0,8,Seafood,Seaweed and fish
241,10337,72,25,72,Mozzarella di Giovanni,14,4,24 - 200 g pkgs.,34.8,4,Dairy Products,Cheeses
242,10338,17,20,17,Alice Mutton,7,6,20 - 1 kg tins,39.0,6,Meat/Poultry,Prepared meats
243,10338,30,15,30,Nord-Ost Matjeshering,13,8,10 - 200 g glasses,25.89,8,Seafood,Seaweed and fish
244,10339,4,10,4,Chef Anton's Cajun Seasoning,2,2,48 - 6 oz jars,22.0,2,Condiments,"Sweet and savory sauces, relishes, spreads, and seasonings"
245,10339,17,70,17,Alice Mutton,7,6,20 - 1 kg tins,39.0,6,Meat/Poultry,Prepared meats
246,10339,62,28,62,Tarte au sucre,29,3,48 pies,49.3,3,Confections,"Desserts, candies, and sweet breads"
247,10340,18,20,18,Carnarvon Tigers,7,8,16 kg pkg.,62.5,8,Seafood,Seaweed and fish
248,10340,41,12,41,Jack's New England Clam Chowder,19,8,12 - 12 oz cans,9.65,8,Seafood,Seaweed and fish
249,10340,43,40,43,Ipoh Coffee,20,1,16 - 500 g tins,46.0,1,Beverages,"Soft drinks, coffees, teas, beers, and ales"
250,10341,33,8,33,Geitost,15,4,500 g,2.5,4,Dairy Products,Cheeses
251,10341,59,9,59,Raclette Courdavault,28,4,5 kg pkg.,55.0,4,Dairy Products,Cheeses
252,10342,2,24,2,Chang,1,1,24 - 12 oz bottles,19.0,1,Beverages,"Soft drinks, coffees, teas, beers, and ales"
253,10342,31,56,31,Gorgonzola Telino,14,4,12 - 100 g pkgs,12.5,4,Dairy Products,Cheeses
254,10342,36,40,36,Inlagd Sill,17,8,24 - 250 g jars,19.0,8,Seafood,Seaweed and fish
255,10342,55,40,55,Pâté chinois,25,6,24 boxes x 2 pies,24.0,6,Meat/Poultry,Prepared meats
256,10343,64,50,64,Wimmers gute Semmelknödel,12,5,20 bags x 4 pieces,33.25,5,Grains/Cereals,"Breads, crackers, pasta, and cereal"
257,10343,68,4,68,Scottish Longbreads,8,3,10 boxes x 8 pieces,12.5,3,Confections,"Desserts, candies, and sweet breads"
258,10343,76,15,76,Lakkalikööri,23,1,500 ml,18.0,1,Beverages,"Soft drinks, coffees, teas, beers, and ales"
259,10344,4,35,4,Chef Anton's Cajun Seasoning,2,2,48 - 6 oz jars,22.0,2,Condiments,"Sweet and savory sauces, relishes, spreads, and seasonings"
260,10344,8,70,8,Northwoods Cranberry Sauce,3,2,12 - 12 oz jars,40.0,2,Condiments,"Sweet and savory sauces, relishes, spreads, and seasonings"
261,10345,8,70,8,Northwoods Cranberry Sauce,3,2,12 - 12 oz jars,40.0,2,Condiments,"Sweet and savory sauces, relishes, spreads, and seasonings"
262,10345,19,80,19,Teatime Chocolate Biscuits,8,3,10 boxes x 12 pieces,9.2,3,Confections,"Desserts, candies, and sweet breads"
263,10345,42,9,42,Singaporean Hokkien Fried Mee,20,5,32 - 1 kg pkgs.,14.0,5,Grains/Cereals,"Breads, crackers, pasta, and cereal"
264,10346,17,36,17,Alice Mutton,7,6,20 - 1 kg tins,39.0,6,Meat/Poultry,Prepared meats
265,10346,56,20,56,Gnocchi di nonna Alice,26,5,24 - 250 g pkgs.,38.0,5,Grains/Cereals,"Breads, crackers, pasta, and cereal"
266,10347,25,10,25,NuNuCa Nuß-Nougat-Creme,11,3,20 - 450 g glasses,14.0,3,Confections,"Desserts, candies, and sweet breads"
267,10347,39,50,39,Chartreuse verte,18,1,750 cc per bottle,18.0,1,Beverages,"Soft drinks, coffees, teas, beers, and ales"
268,10347,40,4,40,Boston Crab Meat,19,8,24 - 4 oz tins,18.4,8,Seafood,Seaweed and fish
269,10347,75,6,75,Rhönbräu Klosterbier,12,1,24 - 0.5 l bottles,7.75,1,Beverages,"Soft drinks, coffees, teas, beers, and ales"
270,10348,1,15,1,Chais,1,1,10 boxes x 20 bags,18.0,1,Beverages,"Soft drinks, coffees, teas, beers, and ales"
271,10348,23,25,23,Tunnbröd,9,5,12 - 250 g pkgs.,9.0,5,Grains/Cereals,"Breads, crackers, pasta, and cereal"
272,10349,54,24,54,Tourtière,25,6,16 pies,7.45,6,Meat/Poultry,Prepared meats
273,10350,50,15,50,Valkoinen suklaa,23,3,12 - 100 g bars,16.25,3,Confections,"Desserts, candies, and sweet breads"
274,10350,69,18,69,Gudbrandsdalsost,15,4,10 kg pkg.,36.0,4,Dairy Products,Cheeses
275,10351,38,20,38,Côte de Blaye,18,1,12 - 75 cl bottles,263.5,1,Beverages,"Soft drinks, coffees, teas, beers, and ales"
276,10351,41,13,41,Jack's New England Clam Chowder,19,8,12 - 12 oz cans,9.65,8,Seafood,Seaweed and fish
277,10351,44,77,44,Gula Malacca,20,2,20 - 2 kg bags,19.45,2,Condiments,"Sweet and savory sauces, relishes, spreads, and seasonings"
278,10351,65,10,65,Louisiana Fiery Hot Pepper Sauce,2,2,32 - 8 oz bottles,21.05,2,Condiments,"Sweet and savory sauces, relishes, spreads, and seasonings"
279,10352,24,10,24,Guaraná Fantástica,10,1,12 - 355 ml cans,4.5,1,Beverages,"Soft drinks, coffees, teas, beers, and ales"
280,10352,54,20,54,Tourtière,25,6,16 pies,7.45,6,Meat/Poultry,Prepared meats
281,10353,11,12,11,Queso Cabrales,5,4,1 kg pkg.,21.0,4,Dairy Products,Cheeses
282,10353,38,50,38,Côte de Blaye,18,1,12 - 75 cl bottles,263.5,1,Beverages,"Soft drinks, coffees, teas, beers, and ales"
283,10354,1,12,1,Chais,1,1,10 boxes x 20 bags,18.0,1,Beverages,"Soft drinks, coffees, teas, beers, and ales"
284,10354,29,4,29,Thüringer Rostbratwurst,12,6,50 bags x 30 sausgs.,123.79,6,Meat/Poultry,Prepared meats
285,10355,24,25,24,Guaraná Fantástica,10,1,12 - 355 ml cans,4.5,1,Beverages,"Soft drinks, coffees, teas, beers, and ales"
286,10355,57,25,57,Ravioli Angelo,26,5,24 - 250 g pkgs.,19.5,5,Grains/Cereals,"Breads, crackers, pasta, and cereal"
287,10356,31,30,31,Gorgonzola Telino,14,4,12 - 100 g pkgs,12.5,4,Dairy Products,Cheeses
288,10356,55,12,55,Pâté chinois,25,6,24 boxes x 2 pies,24.0,6,Meat/Poultry,Prepared meats
289,10356,69,20,69,Gudbrandsdalsost,15,4,10 kg pkg.,36.0,4,Dairy Products,Cheeses
290,10357,10,30,10,Ikura,4,8,12 - 200 ml jars,31.0,8,Seafood,Seaweed and fish
291,10357,26,16,26,Gumbär Gummibärchen,11,3,100 - 250 g bags,31.23,3,Confections,"Desserts, candies, and sweet breads"
292,10357,60,8,60,Camembert Pierrot,28,4,15 - 300 g rounds,34.0,4,Dairy Products,Cheeses
293,10358,24,10,24,Guaraná Fantástica,10,1,12 - 355 ml cans,4.5,1,Beverages,"Soft drinks, coffees, teas, beers, and ales"
294,10358,34,10,34,Sasquatch Ale,16,1,24 - 12 oz bottles,14.0,1,Beverages,"Soft drinks, coffees, teas, beers, and ales"
295,10358,36,20,36,Inlagd Sill,17,8,24 - 250 g jars,19.0,8,Seafood,Seaweed and fish
296,10359,16,56,16,Pavlova,7,3,32 - 500 g boxes,17.45,3,Confections,"Desserts, candies, and sweet breads"
297,10359,31,70,31,Gorgonzola Telino,14,4,12 - 100 g pkgs,12.5,4,Dairy Products,Cheeses
298,10359,60,80,60,Camembert Pierrot,28,4,15 - 300 g rounds,34.0,4,Dairy Products,Cheeses
299,10360,28,30,28,Rössle Sauerkraut,12,7,25 - 825 g cans,45.6,7,Produce,Dried fruit and bean curd
300,10360,29,35,29,Thüringer Rostbratwurst,12,6,50 bags x 30 sausgs.,123.79,6,Meat/Poultry,Prepared meats
301,10360,38,10,38,Côte de Blaye,18,1,12 - 75 cl bottles,263.5,1,Beverages,"Soft drinks, coffees, teas, beers, and ales"
302,10360,49,35,49,Maxilaku,23,3,24 - 50 g pkgs.,20.0,3,Confections,"Desserts, candies, and sweet breads"
303,10360,54,28,54,Tourtière,25,6,16 pies,7.45,6,Meat/Poultry,Prepared meats
304,10361,39,54,39,Chartreuse verte,18,1,750 cc per bottle,18.0,1,Beverages,"Soft drinks, coffees, teas, beers, and ales"
305,10361,60,55,60,Camembert Pierrot,28,4,15 - 300 g rounds,34.0,4,Dairy Products,Cheeses
306,10362,25,50,25,NuNuCa Nuß-Nougat-Creme,11,3,20 - 450 g glasses,14.0,3,Confections,"Desserts, candies, and sweet breads"
307,10362,51,20,51,Manjimup Dried Apples,24,7,50 - 300 g pkgs.,53.0,7,Produce,Dried fruit and bean curd
308,10362,54,24,54,Tourtière,25,6,16 pies,7.45,6,Meat/Poultry,Prepared meats
309,10363,31,20,31,Gorgonzola Telino,14,4,12 - 100 g pkgs,12.5,4,Dairy Products,Cheeses
310,10363,75,12,75,Rhönbräu Klosterbier,12,1,24 - 0.5 l bottles,7.75,1,Beverages,"Soft drinks, coffees, teas, beers, and ales"
311,10363,76,12,76,Lakkalikööri,23,1,500 ml,18.0,1,Beverages,"Soft drinks, coffees, teas, beers, and ales"
312,10364,69,30,69,Gudbrandsdalsost,15,4,10 kg pkg.,36.0,4,Dairy Products,Cheeses
313,10364,71,5,71,Fløtemysost,15,4,10 - 500 g pkgs.,21.5,4,Dairy Products,Cheeses
314,10365,11,24,11,Queso Cabrales,5,4,1 kg pkg.,21.0,4,Dairy Products,Cheeses
315,10366,65,5,65,Louisiana Fiery Hot Pepper Sauce,2,2,32 - 8 oz bottles,21.05,2,Condiments,"Sweet and savory sauces, relishes, spreads, and seasonings"
316,10366,77,5,77,Original Frankfurter grüne Soße,12,2,12 boxes,13.0,2,Condiments,"Sweet and savory sauces, relishes, spreads, and seasonings"
317,10367,34,36,34,Sasquatch Ale,16,1,24 - 12 oz bottles,14.0,1,Beverages,"Soft drinks, coffees, teas, beers, and ales"
318,10367,54,18,54,Tourtière,25,6,16 pies,7.45,6,Meat/Poultry,Prepared meats
319,10367,65,15,65,Louisiana Fiery Hot Pepper Sauce,2,2,32 - 8 oz bottles,21.05,2,Condiments,"Sweet and savory sauces, relishes, spreads, and seasonings"
320,10367,77,7,77,Original Frankfurter grüne Soße,12,2,12 boxes,13.0,2,Condiments,"Sweet and savory sauces, relishes, spreads, and seasonings"
321,10368,21,5,21,Sir Rodney's Scones,8,3,24 pkgs. x 4 pieces,10.0,3,Confections,"Desserts, candies, and sweet breads"
322,10368,28,13,28,Rössle Sauerkraut,12,7,25 - 825 g cans,45.6,7,Produce,Dried fruit and bean curd
323,10368,57,25,57,Ravioli Angelo,26,5,24 - 250 g pkgs.,19.5,5,Grains/Cereals,"Breads, crackers, pasta, and cereal"
324,10368,64,35,64,Wimmers gute Semmelknödel,12,5,20 bags x 4 pieces,33.25,5,Grains/Cereals,"Breads, crackers, pasta, and cereal"
325,10369,29,20,29,Thüringer Rostbratwurst,12,6,50 bags x 30 sausgs.,123.79,6,Meat/Poultry,Prepared meats
326,10369,56,18,56,Gnocchi di nonna Alice,26,5,24 - 250 g pkgs.,38.0,5,Grains/Cereals,"Breads, crackers, pasta, and cereal"
327,10370,1,15,1,Chais,1,1,10 boxes x 20 bags,18.0,1,Beverages,"Soft drinks, coffees, teas, beers, and ales"
328,10370,64,30,64,Wimmers gute Semmelknödel,12,5,20 bags x 4 pieces,33.25,5,Grains/Cereals,"Breads, crackers, pasta, and cereal"
329,10370,74,20,74,Longlife Tofu,4,7,5 kg pkg.,10.0,7,Produce,Dried fruit and bean curd
330,10371,36,6,36,Inlagd Sill,17,8,24 - 250 g jars,19.0,8,Seafood,Seaweed and fish
331,10372,20,12,20,Sir Rodney's Marmalade,8,3,30 gift boxes,81.0,3,Confections,"Desserts, candies, and sweet breads"
332,10372,38,40,38,Côte de Blaye,18,1,12 - 75 cl bottles,263.5,1,Beverages,"Soft drinks, coffees, teas, beers, and ales"
333,10372,60,70,60,Camembert Pierrot,28,4,15 - 300 g rounds,34.0,4,Dairy Products,Cheeses
334,10372,72,42,72,Mozzarella di Giovanni,14,4,24 - 200 g pkgs.,34.8,4,Dairy Products,Cheeses
335,10373,58,80,58,Escargots de Bourgogne,27,8,24 pieces,13.25,8,Seafood,Seaweed and fish
336,10373,71,50,71,Fløtemysost,15,4,10 - 500 g pkgs.,21.5,4,Dairy Products,Cheeses
337,10374,31,30,31,Gorgonzola Telino,14,4,12 - 100 g pkgs,12.5,4,Dairy Products,Cheeses
338,10374,58,15,58,Escargots de Bourgogne,27,8,24 pieces,13.25,8,Seafood,Seaweed and fish
339,10375,14,15,14,Tofu,6,7,40 - 100 g pkgs.,23.25,7,Produce,Dried fruit and bean curd
340,10375,54,10,54,Tourtière,25,6,16 pies,7.45,6,Meat/Poultry,Prepared meats
341,10376,31,42,31,Gorgonzola Telino,14,4,12 - 100 g pkgs,12.5,4,Dairy Products,Cheeses
342,10377,28,20,28,Rössle Sauerkraut,12,7,25 - 825 g cans,45.6,7,Produce,Dried fruit and bean curd
343,10377,39,20,39,Chartreuse verte,18,1,750 cc per bottle,18.0,1,Beverages,"Soft drinks, coffees, teas, beers, and ales"
344,10378,71,6,71,Fløtemysost,15,4,10 - 500 g pkgs.,21.5,4,Dairy Products,Cheeses
345,10379,41,8,41,Jack's New England Clam Chowder,19,8,12 - 12 oz cans,9.65,8,Seafood,Seaweed and fish
346,10379,63,16,63,Vegie-spread,7,2,15 - 625 g jars,43.9,2,Condiments,"Sweet and savory sauces, relishes, spreads, and seasonings"
347,10379,65,20,65,Louisiana Fiery Hot Pepper Sauce,2,2,32 - 8 oz bottles,21.05,2,Condiments,"Sweet and savory sauces, relishes, spreads, and seasonings"
348,10380,30,18,30,Nord-Ost Matjeshering,13,8,10 - 200 g glasses,25.89,8,Seafood,Seaweed and fish
349,10380,53,20,53,Perth Pasties,24,6,48 pieces,32.8,6,Meat/Poultry,Prepared meats
350,10380,60,6,60,Camembert Pierrot,28,4,15 - 300 g rounds,34.0,4,Dairy Products,Cheeses
351,10380,70,30,70,Outback Lager,7,1,24 - 355 ml bottles,15.0,1,Beverages,"Soft drinks, coffees, teas, beers, and ales"
352,10381,74,14,74,Longlife Tofu,4,7,5 kg pkg.,10.0,7,Produce,Dried fruit and bean curd
353,10382,5,32,5,Chef Anton's Gumbo Mix,2,2,36 boxes,21.35,2,Condiments,"Sweet and savory sauces, relishes, spreads, and seasonings"
354,10382,18,9,18,Carnarvon Tigers,7,8,16 kg pkg.,62.5,8,Seafood,Seaweed and fish
355,10382,29,14,29,Thüringer Rostbratwurst,12,6,50 bags x 30 sausgs.,123.79,6,Meat/Poultry,Prepared meats
356,10382,33,60,33,Geitost,15,4,500 g,2.5,4,Dairy Products,Cheeses
357,10382,74,50,74,Longlife Tofu,4,7,5 kg pkg.,10.0,7,Produce,Dried fruit and bean curd
358,10383,13,20,13,Konbu,6,8,2 kg box,6.0,8,Seafood,Seaweed and fish
359,10383,50,15,50,Valkoinen suklaa,23,3,12 - 100 g bars,16.25,3,Confections,"Desserts, candies, and sweet breads"
360,10383,56,20,56,Gnocchi di nonna Alice,26,5,24 - 250 g pkgs.,38.0,5,Grains/Cereals,"Breads, crackers, pasta, and cereal"
361,10384,20,28,20,Sir Rodney's Marmalade,8,3,30 gift boxes,81.0,3,Confections,"Desserts, candies, and sweet breads"
362,10384,60,15,60,Camembert Pierrot,28,4,15 - 300 g rounds,34.0,4,Dairy Products,Cheeses
363,10385,7,10,7,Uncle Bob's Organic Dried Pears,3,7,12 - 1 lb pkgs.,30.0,7,Produce,Dried fruit and bean curd
364,10385,60,20,60,Camembert Pierrot,28,4,15 - 300 g rounds,34.0,4,Dairy Products,Cheeses
365,10385,68,8,68,Scottish Longbreads,8,3,10 boxes x 8 pieces,12.5,3,Confections,"Desserts, candies, and sweet breads"
366,10386,24,15,24,Guaraná Fantástica,10,1,12 - 355 ml cans,4.5,1,Beverages,"Soft drinks, coffees, teas, beers, and ales"
367,10386,34,10,34,Sasquatch Ale,16,1,24 - 12 oz bottles,14.0,1,Beverages,"Soft drinks, coffees, teas, beers, and ales"
368,10387,24,15,24,Guaraná Fantástica,10,1,12 - 355 ml cans,4.5,1,Beverages,"Soft drinks, coffees, teas, beers, and ales"
369,10387,28,6,28,Rössle Sauerkraut,12,7,25 - 825 g cans,45.6,7,Produce,Dried fruit and bean curd
370,10387,59,12,59,Raclette Courdavault,28,4,5 kg pkg.,55.0,4,Dairy Products,Cheeses
371,10387,71,15,71,Fløtemysost,15,4,10 - 500 g pkgs.,21.5,4,Dairy Products,Cheeses
372,10388,45,15,45,Røgede sild,21,8,1k pkg.,9.5,8,Seafood,Seaweed and fish
373,10388,52,20,52,Filo Mix,24,5,16 - 2 kg boxes,7.0,5,Grains/Cereals,"Breads, crackers, pasta, and cereal"
374,10388,53,40,53,Perth Pasties,24,6,48 pieces,32.8,6,Meat/Poultry,Prepared meats
375,10389,10,16,10,Ikura,4,8,12 - 200 ml jars,31.0,8,Seafood,Seaweed and fish
376,10389,55,15,55,Pâté chinois,25,6,24 boxes x 2 pies,24.0,6,Meat/Poultry,Prepared meats
377,10389,62,20,62,Tarte au sucre,29,3,48 pies,49.3,3,Confections,"Desserts, candies, and sweet breads"
378,10389,70,30,70,Outback Lager,7,1,24 - 355 ml bottles,15.0,1,Beverages,"Soft drinks, coffees, teas, beers, and ales"
379,10390,31,60,31,Gorgonzola Telino,14,4,12 - 100 g pkgs,12.5,4,Dairy Products,Cheeses
380,10390,35,40,35,Steeleye Stout,16,1,24 - 12 oz bottles,18.0,1,Beverages,"Soft drinks, coffees, teas, beers, and ales"
381,10390,46,45,46,Spegesild,21,8,4 - 450 g glasses,12.0,8,Seafood,Seaweed and fish
382,10390,72,24,72,Mozzarella di Giovanni,14,4,24 - 200 g pkgs.,34.8,4,Dairy Products,Cheeses
383,10391,13,18,13,Konbu,6,8,2 kg box,6.0,8,Seafood,Seaweed and fish
384,10392,69,50,69,Gudbrandsdalsost,15,4,10 kg pkg.,36.0,4,Dairy Products,Cheeses
385,10393,2,25,2,Chang,1,1,24 - 12 oz bottles,19.0,1,Beverages,"Soft drinks, coffees, teas, beers, and ales"
386,10393,14,42,14,Tofu,6,7,40 - 100 g pkgs.,23.25,7,Produce,Dried fruit and bean curd
387,10393,25,7,25,NuNuCa Nuß-Nougat-Creme,11,3,20 - 450 g glasses,14.0,3,Confections,"Desserts, candies, and sweet breads"
388,10393,26,70,26,Gumbär Gummibärchen,11,3,100 - 250 g bags,31.23,3,Confections,"Desserts, candies, and sweet breads"
389,10393,31,32,31,Gorgonzola Telino,14,4,12 - 100 g pkgs,12.5,4,Dairy Products,Cheeses
390,10394,13,10,13,Konbu,6,8,2 kg box,6.0,8,Seafood,Seaweed and fish
391,10394,62,10,62,Tarte au sucre,29,3,48 pies,49.3,3,Confections,"Desserts, candies, and sweet breads"
392,10395,46,28,46,Spegesild,21,8,4 - 450 g glasses,12.0,8,Seafood,Seaweed and fish
393,10395,53,70,53,Perth Pasties,24,6,48 pieces,32.8,6,Meat/Poultry,Prepared meats
394,10395,69,8,69,Gudbrandsdalsost,15,4,10 kg pkg.,36.0,4,Dairy Products,Cheeses
395,10396,23,40,23,Tunnbröd,9,5,12 - 250 g pkgs.,9.0,5,Grains/Cereals,"Breads, crackers, pasta, and cereal"
396,10396,71,60,71,Fløtemysost,15,4,10 - 500 g pkgs.,21.5,4,Dairy Products,Cheeses
397,10396,72,21,72,Mozzarella di Giovanni,14,4,24 - 200 g pkgs.,34.8,4,Dairy Products,Cheeses
398,10397,21,10,21,Sir Rodney's Scones,8,3,24 pkgs. x 4 pieces,10.0,3,Confections,"Desserts, candies, and sweet breads"
399,10397,51,18,51,Manjimup Dried Apples,24,7,50 - 300 g pkgs.,53.0,7,Produce,Dried fruit and bean curd
400,10398,35,30,35,Steeleye Stout,16,1,24 - 12 oz bottles,18.0,1,Beverages,"Soft drinks, coffees, teas, beers, and ales"
401,10398,55,120,55,Pâté chinois,25,6,24 boxes x 2 pies,24.0,6,Meat/Poultry,Prepared meats
402,10399,68,60,68,Scottish Longbreads,8,3,10 boxes x 8 pieces,12.5,3,Confections,"Desserts, candies, and sweet breads"
403,10399,71,30,71,Fløtemysost,15,4,10 - 500 g pkgs.,21.5,4,Dairy Products,Cheeses
404,10399,76,35,76,Lakkalikööri,23,1,500 ml,18.0,1,Beverages,"Soft drinks, coffees, teas, beers, and ales"
405,10399,77,14,77,Original Frankfurter grüne Soße,12,2,12 boxes,13.0,2,Condiments,"Sweet and savory sauces, relishes, spreads, and seasonings"
406,10400,29,21,29,Thüringer Rostbratwurst,12,6,50 bags x 30 sausgs.,123.79,6,Meat/Poultry,Prepared meats
407,10400,35,35,35,Steeleye Stout,16,1,24 - 12 oz bottles,18.0,1,Beverages,"Soft drinks, coffees, teas, beers, and ales"
408,10400,49,30,49,Maxilaku,23,3,24 - 50 g pkgs.,20.0,3,Confections,"Desserts, candies, and sweet breads"
409,10401,30,18,30,Nord-Ost Matjeshering,13,8,10 - 200 g glasses,25.89,8,Seafood,Seaweed and fish
410,10401,56,70,56,Gnocchi di nonna Alice,26,5,24 - 250 g pkgs.,38.0,5,Grains/Cereals,"Breads, crackers, pasta, and cereal"
411,10401,65,20,65,Louisiana Fiery Hot Pepper Sauce,2,2,32 - 8 oz bottles,21.05,2,Condiments,"Sweet and savory sauces, relishes, spreads, and seasonings"
412,10401,71,60,71,Fløtemysost,15,4,10 - 500 g pkgs.,21.5,4,Dairy Products,Cheeses
413,10402,23,60,23,Tunnbröd,9,5,12 - 250 g pkgs.,9.0,5,Grains/Cereals,"Breads, crackers, pasta, and cereal"
414,10402,63,65,63,Vegie-spread,7,2,15 - 625 g jars,43.9,2,Condiments,"Sweet and savory sauces, relishes, spreads, and seasonings"
415,10403,16,21,16,Pavlova,7,3,32 - 500 g boxes,17.45,3,Confections,"Desserts, candies, and sweet breads"
416,10403,48,70,48,Chocolade,22,3,10 pkgs.,12.75,3,Confections,"Desserts, candies, and sweet breads"
417,10404,26,30,26,Gumbär Gummibärchen,11,3,100 - 250 g bags,31.23,3,Confections,"Desserts, candies, and sweet breads"
418,10404,42,40,42,Singaporean Hokkien Fried Mee,20,5,32 - 1 kg pkgs.,14.0,5,Grains/Cereals,"Breads, crackers, pasta, and cereal"
419,10404,49,30,49,Maxilaku,23,3,24 - 50 g pkgs.,20.0,3,Confections,"Desserts, candies, and sweet breads"
420,10405,3,50,3,Aniseed Syrup,1,2,12 - 550 ml bottles,10.0,2,Condiments,"Sweet and savory sauces, relishes, spreads, and seasonings"
421,10406,1,10,1,Chais,1,1,10 boxes x 20 bags,18.0,1,Beverages,"Soft drinks, coffees, teas, beers, and ales"
422,10406,21,30,21,Sir Rodney's Scones,8,3,24 pkgs. x 4 pieces,10.0,3,Confections,"Desserts, candies, and sweet breads"
423,10406,28,42,28,Rössle Sauerkraut,12,7,25 - 825 g cans,45.6,7,Produce,Dried fruit and bean curd
424,10406,36,5,36,Inlagd Sill,17,8,24 - 250 g jars,19.0,8,Seafood,Seaweed and fish
425,10406,40,2,40,Boston Crab Meat,19,8,24 - 4 oz tins,18.4,8,Seafood,Seaweed and fish
426,10407,11,30,11,Queso Cabrales,5,4,1 kg pkg.,21.0,4,Dairy Products,Cheeses
427,10407,69,15,69,Gudbrandsdalsost,15,4,10 kg pkg.,36.0,4,Dairy Products,Cheeses
428,10407,71,15,71,Fløtemysost,15,4,10 - 500 g pkgs.,21.5,4,Dairy Products,Cheeses
429,10408,37,10,37,Gravad lax,17,8,12 - 500 g pkgs.,26.0,8,Seafood,Seaweed and fish
430,10408,54,6,54,Tourtière,25,6,16 pies,7.45,6,Meat/Poultry,Prepared meats
431,10408,62,35,62,Tarte au sucre,29,3,48 pies,49.3,3,Confections,"Desserts, candies, and sweet breads"
432,10409,14,12,14,Tofu,6,7,40 - 100 g pkgs.,23.25,7,Produce,Dried fruit and bean curd
433,10409,21,12,21,Sir Rodney's Scones,8,3,24 pkgs. x 4 pieces,10.0,3,Confections,"Desserts, candies, and sweet breads"
434,10410,33,49,33,Geitost,15,4,500 g,2.5,4,Dairy Products,Cheeses
435,10410,59,16,59,Raclette Courdavault,28,4,5 kg pkg.,55.0,4,Dairy Products,Cheeses
436,10411,41,25,41,Jack's New England Clam Chowder,19,8,12 - 12 oz cans,9.65,8,Seafood,Seaweed and fish
437,10411,44,40,44,Gula Malacca,20,2,20 - 2 kg bags,19.45,2,Condiments,"Sweet and savory sauces, relishes, spreads, and seasonings"
438,10411,59,9,59,Raclette Courdavault,28,4,5 kg pkg.,55.0,4,Dairy Products,Cheeses
439,10412,14,20,14,Tofu,6,7,40 - 100 g pkgs.,23.25,7,Produce,Dried fruit and bean curd
440,10413,1,24,1,Chais,1,1,10 boxes x 20 bags,18.0,1,Beverages,"Soft drinks, coffees, teas, beers, and ales"
441,10413,62,40,62,Tarte au sucre,29,3,48 pies,49.3,3,Confections,"Desserts, candies, and sweet breads"
442,10413,76,14,76,Lakkalikööri,23,1,500 ml,18.0,1,Beverages,"Soft drinks, coffees, teas, beers, and ales"
443,10414,19,18,19,Teatime Chocolate Biscuits,8,3,10 boxes x 12 pieces,9.2,3,Confections,"Desserts, candies, and sweet breads"
444,10414,33,50,33,Geitost,15,4,500 g,2.5,4,Dairy Products,Cheeses
445,10415,17,2,17,Alice Mutton,7,6,20 - 1 kg tins,39.0,6,Meat/Poultry,Prepared meats
446,10415,33,20,33,Geitost,15,4,500 g,2.5,4,Dairy Products,Cheeses
447,10416,19,20,19,Teatime Chocolate Biscuits,8,3,10 boxes x 12 pieces,9.2,3,Confections,"Desserts, candies, and sweet breads"
448,10416,53,10,53,Perth Pasties,24,6,48 pieces,32.8,6,Meat/Poultry,Prepared meats
449,10416,57,20,57,Ravioli Angelo,26,5,24 - 250 g pkgs.,19.5,5,Grains/Cereals,"Breads, crackers, pasta, and cereal"
450,10417,38,50,38,Côte de Blaye,18,1,12 - 75 cl bottles,263.5,1,Beverages,"Soft drinks, coffees, teas, beers, and ales"
451,10417,46,2,46,Spegesild,21,8,4 - 450 g glasses,12.0,8,Seafood,Seaweed and fish
452,10417,68,36,68,Scottish Longbreads,8,3,10 boxes x 8 pieces,12.5,3,Confections,"Desserts, candies, and sweet breads"
453,10417,77,35,77,Original Frankfurter grüne Soße,12,2,12 boxes,13.0,2,Condiments,"Sweet and savory sauces, relishes, spreads, and seasonings"
454,10418,2,60,2,Chang,1,1,24 - 12 oz bottles,19.0,1,Beverages,"Soft drinks, coffees, teas, beers, and ales"
455,10418,47,55,47,Zaanse koeken,22,3,10 - 4 oz boxes,9.5,3,Confections,"Desserts, candies, and sweet breads"
456,10418,61,16,61,Sirop d'érable,29,2,24 - 500 ml bottles,28.5,2,Condiments,"Sweet and savory sauces, relishes, spreads, and seasonings"
457,10418,74,15,74,Longlife Tofu,4,7,5 kg pkg.,10.0,7,Produce,Dried fruit and bean curd
458,10419,60,60,60,Camembert Pierrot,28,4,15 - 300 g rounds,34.0,4,Dairy Products,Cheeses
459,10419,69,20,69,Gudbrandsdalsost,15,4,10 kg pkg.,36.0,4,Dairy Products,Cheeses
460,10420,9,20,9,Mishi Kobe Niku,4,6,18 - 500 g pkgs.,97.0,6,Meat/Poultry,Prepared meats
461,10420,13,2,13,Konbu,6,8,2 kg box,6.0,8,Seafood,Seaweed and fish
462,10420,70,8,70,Outback Lager,7,1,24 - 355 ml bottles,15.0,1,Beverages,"Soft drinks, coffees, teas, beers, and ales"
463,10420,73,20,73,Röd Kaviar,17,8,24 - 150 g jars,15.0,8,Seafood,Seaweed and fish
464,10421,19,4,19,Teatime Chocolate Biscuits,8,3,10 boxes x 12 pieces,9.2,3,Confections,"Desserts, candies, and sweet breads"
465,10421,26,30,26,Gumbär Gummibärchen,11,3,100 - 250 g bags,31.23,3,Confections,"Desserts, candies, and sweet breads"
466,10421,53,15,53,Perth Pasties,24,6,48 pieces,32.8,6,Meat/Poultry,Prepared meats
467,10421,77,10,77,Original Frankfurter grüne Soße,12,2,12 boxes,13.0,2,Condiments,"Sweet and savory sauces, relishes, spreads, and seasonings"
468,10422,26,2,26,Gumbär Gummibärchen,11,3,100 - 250 g bags,31.23,3,Confections,"Desserts, candies, and sweet breads"
469,10423,31,14,31,Gorgonzola Telino,14,4,12 - 100 g pkgs,12.5,4,Dairy Products,Cheeses
470,10423,59,20,59,Raclette Courdavault,28,4,5 kg pkg.,55.0,4,Dairy Products,Cheeses
471,10424,35,60,35,Steeleye Stout,16,1,24 - 12 oz bottles,18.0,1,Beverages,"Soft drinks, coffees, teas, beers, and ales"
472,10424,38,49,38,Côte de Blaye,18,1,12 - 75 cl bottles,263.5,1,Beverages,"Soft drinks, coffees, teas, beers, and ales"
473,10424,68,30,68,Scottish Longbreads,8,3,10 boxes x 8 pieces,12.5,3,Confections,"Desserts, candies, and sweet breads"
474,10425,55,10,55,Pâté chinois,25,6,24 boxes x 2 pies,24.0,6,Meat/Poultry,Prepared meats
475,10425,76,20,76,Lakkalikööri,23,1,500 ml,18.0,1,Beverages,"Soft drinks, coffees, teas, beers, and ales"
476,10426,56,5,56,Gnocchi di nonna Alice,26,5,24 - 250 g pkgs.,38.0,5,Grains/Cereals,"Breads, crackers, pasta, and cereal"
477,10426,64,7,64,Wimmers gute Semmelknödel,12,5,20 bags x 4 pieces,33.25,5,Grains/Cereals,"Breads, crackers, pasta, and cereal"
478,10427,14,35,14,Tofu,6,7,40 - 100 g pkgs.,23.25,7,Produce,Dried fruit and bean curd
479,10428,46,20,46,Spegesild,21,8,4 - 450 g glasses,12.0,8,Seafood,Seaweed and fish
480,10429,50,40,50,Valkoinen suklaa,23,3,12 - 100 g bars,16.25,3,Confections,"Desserts, candies, and sweet breads"
481,10429,63,35,63,Vegie-spread,7,2,15 - 625 g jars,43.9,2,Condiments,"Sweet and savory sauces, relishes, spreads, and seasonings"
482,10430,17,45,17,Alice Mutton,7,6,20 - 1 kg tins,39.0,6,Meat/Poultry,Prepared meats
483,10430,21,50,21,Sir Rodney's Scones,8,3,24 pkgs. x 4 pieces,10.0,3,Confections,"Desserts, candies, and sweet breads"
484,10430,56,30,56,Gnocchi di nonna Alice,26,5,24 - 250 g pkgs.,38.0,5,Grains/Cereals,"Breads, crackers, pasta, and cereal"
485,10430,59,70,59,Raclette Courdavault,28,4,5 kg pkg.,55.0,4,Dairy Products,Cheeses
486,10431,17,50,17,Alice Mutton,7,6,20 - 1 kg tins,39.0,6,Meat/Poultry,Prepared meats
487,10431,40,50,40,Boston Crab Meat,19,8,24 - 4 oz tins,18.4,8,Seafood,Seaweed and fish
488,10431,47,30,47,Zaanse koeken,22,3,10 - 4 oz boxes,9.5,3,Confections,"Desserts, candies, and sweet breads"
489,10432,26,10,26,Gumbär Gummibärchen,11,3,100 - 250 g bags,31.23,3,Confections,"Desserts, candies, and sweet breads"
490,10432,54,40,54,Tourtière,25,6,16 pies,7.45,6,Meat/Poultry,Prepared meats
491,10433,56,28,56,Gnocchi di nonna Alice,26,5,24 - 250 g pkgs.,38.0,5,Grains/Cereals,"Breads, crackers, pasta, and cereal"
492,10434,11,6,11,Queso Cabrales,5,4,1 kg pkg.,21.0,4,Dairy Products,Cheeses
493,10434,76,18,76,Lakkalikööri,23,1,500 ml,18.0,1,Beverages,"Soft drinks, coffees, teas, beers, and ales"
494,10435,2,10,2,Chang,1,1,24 - 12 oz bottles,19.0,1,Beverages,"Soft drinks, coffees, teas, beers, and ales"
495,10435,22,12,22,Gustaf's Knäckebröd,9,5,24 - 500 g pkgs.,21.0,5,Grains/Cereals,"Breads, crackers, pasta, and cereal"
496,10435,72,10,72,Mozzarella di Giovanni,14,4,24 - 200 g pkgs.,34.8,4,Dairy Products,Cheeses
497,10436,46,5,46,Spegesild,21,8,4 - 450 g glasses,12.0,8,Seafood,Seaweed and fish
498,10436,56,40,56,Gnocchi di nonna Alice,26,5,24 - 250 g pkgs.,38.0,5,Grains/Cereals,"Breads, crackers, pasta, and cereal"
499,10436,64,30,64,Wimmers gute Semmelknödel,12,5,20 bags x 4 pieces,33.25,5,Grains/Cereals,"Breads, crackers, pasta, and cereal"
500,10436,75,24,75,Rhönbräu Klosterbier,12,1,24 - 0.5 l bottles,7.75,1,Beverages,"Soft drinks, coffees, teas, beers, and ales"
501,10437,53,15,53,Perth Pasties,24,6,48 pieces,32.8,6,Meat/Poultry,Prepared meats
502,10438,19,15,19,Teatime Chocolate Biscuits,8,3,10 boxes x 12 pieces,9.2,3,Confections,"Desserts, candies, and sweet breads"
503,10438,34,20,34,Sasquatch Ale,16,1,24 - 12 oz bottles,14.0,1,Beverages,"Soft drinks, coffees, teas, beers, and ales"
504,10438,57,15,57,Ravioli Angelo,26,5,24 - 250 g pkgs.,19.5,5,Grains/Cereals,"Breads, crackers, pasta, and cereal"
505,10439,12,15,12,Queso Manchego La Pastora,5,4,10 - 500 g pkgs.,38.0,4,Dairy Products,Cheeses
506,10439,16,16,16,Pavlova,7,3,32 - 500 g boxes,17.45,3,Confections,"Desserts, candies, and sweet breads"
507,10439,64,6,64,Wimmers gute Semmelknödel,12,5,20 bags x 4 pieces,33.25,5,Grains/Cereals,"Breads, crackers, pasta, and cereal"
508,10439,74,30,74,Longlife Tofu,4,7,5 kg pkg.,10.0,7,Produce,Dried fruit and bean curd
509,10440,2,45,2,Chang,1,1,24 - 12 oz bottles,19.0,1,Beverages,"Soft drinks, coffees, teas, beers, and ales"
510,10440,16,49,16,Pavlova,7,3,32 - 500 g boxes,17.45,3,Confections,"Desserts, candies, and sweet breads"
511,10440,29,24,29,Thüringer Rostbratwurst,12,6,50 bags x 30 sausgs.,123.79,6,Meat/Poultry,Prepared meats
512,10440,61,90,61,Sirop d'érable,29,2,24 - 500 ml bottles,28.5,2,Condiments,"Sweet and savory sauces, relishes, spreads, and seasonings"
513,10441,27,50,27,Schoggi Schokolade,11,3,100 - 100 g pieces,43.9,3,Confections,"Desserts, candies, and sweet breads"
514,10442,11,30,11,Queso Cabrales,5,4,1 kg pkg.,21.0,4,Dairy Products,Cheeses
515,10442,54,80,54,Tourtière,25,6,16 pies,7.45,6,Meat/Poultry,Prepared meats
516,10442,66,60,66,Louisiana Hot Spiced Okra,2,2,24 - 8 oz jars,17.0,2,Condiments,"Sweet and savory sauces, relishes, spreads, and seasonings"
517,10443,11,6,11,Queso Cabrales,5,4,1 kg pkg.,21.0,4,Dairy Products,Cheeses
518,10443,28,12,28,Rössle Sauerkraut,12,7,25 - 825 g cans,45.6,7,Produce,Dried fruit and bean curd
